{
  "dataset": "ml-latest-small",
  "num_rows": 100836,
  "num_users": 610,
  "num_items": 9724,
  "split": {
    "method": "leave_last_n",
    "n": 3
  },
  "baselines": {
    "popularity": {
      "k": 10,
      "recall@10": 0.09570957095709572,
      "ndcg@10": 0.04701343225005421
    }
  },
  "mf": {
    "method": "truncated_svd",
    "factors": 64,
    "k": 10,
    "seed": 42,
    "train_interactions": 99006,
    "test_rows": 1830,
    "eval_users": 606,
    "eval_drop": {
      "missing_user_in_train": 0,
      "missing_item_in_train": 68
    },
    "wall_time_sec": 0.20625549973919988,
    "recall@10": 0.16831683168316833,
    "ndcg@10": 0.07690607439751568
  }
}