{
  "dataset": "ml-latest-small",
  "num_rows": 100836,
  "num_users": 610,
  "num_items": 9724,
  "baselines": {
    "popularity": {
      "k": 10,
      "recall@10": 0.044293015332197615,
      "ndcg@10": 0.020191782808255225
    }
  },
  "mf": {
    "method": "truncated_svd",
    "factors": 64,
    "k": 10,
    "seed": 42,
    "train_interactions": 100226,
    "test_rows": 610,
    "eval_users": 587,
    "eval_drop": {
      "missing_user_in_train": 0,
      "missing_item_in_train": 23
    },
    "wall_time_sec": 0.20369741693139076,
    "recall@10": 0.07836456558773425,
    "ndcg@10": 0.03489174805281813
  }
}